id;itinerario;area;origen;precondicion;pasos;resultado_esperado;evidencia;estado
QA-001;Ambos;Arranque;P1 §6;Carpeta limpia y guía del stack elegido;Instala requisitos documentados y ejecuta ejemplo con datos sintéticos;El ejemplo abre y permite completar una acción sin instrucciones orales ocultas;Registro de comandos y captura de ejemplo;NO-VERIFICADO
QA-002;Ambos;Aprendizaje IA;P1 §6;Guía IA y respuesta preparada sin cuenta;Revisa respuesta errónea sobre reserva y explica una corrección;Se identifica error y alternativa comprobable sin exigir cuenta o licencia;PDF individual con antes después y prueba;NO-VERIFICADO
QA-003;Ambos;Scrum;P1 §6;Tablero de ejemplo y objetivo del sprint;Descompón una tarea asigna responsable y criterio y simula revisión;El alumno distingue objetivo tarea evidencia impedimento y mejora sin depender de herramienta de pago;Tablero y explicación breve;NO-VERIFICADO
QA-004;Ambos;Registro;F7 L8 y P1 §5;Recepción autenticada y usuario ficticio inexistente;Busca crea y vuelve a consultar al usuario;Se conserva identificador estable y datos confirmados sin alta duplicada por doble clic;Prueba y captura de detalle;NO-VERIFICADO
QA-005;Ambos;Registro;P1 §5;Dos personas ficticias con mismo teléfono;Registra ambas y consulta sus citas;El contacto compartido avisa y no fusiona identidades ni historial;Captura de dos códigos y consulta separada;NO-VERIFICADO
QA-006;Ambos;Registro;P1 §5;Usuario existente y prerregistro coincidente;Recepción revisa vincula o descarta coincidencia según EFP;La decisión es explícita y conserva trazabilidad sin fusionar automáticamente;Caso con estado antes después;NO-VERIFICADO
QA-007;Ambos;Registro;P1 §5 y A01;Diccionario de campos obligatorios y reglas de demo;Envía formulario incompleto y valores con formato inválido;Servidor rechaza campos inválidos muestra mensajes y conserva datos útiles;Captura y respuesta de validación;NO-VERIFICADO
QA-008;Ambos;Menores;P1 §5 y A03;Caso menor y representante sintéticos con flujo definido en EFP;Reserva online para menor y confirma identidad en recepción;Identidad de usuario y contacto de representante quedan separados según regla de demo;Recorrido y consulta de registros;NO-VERIFICADO
QA-009;Ambos;Registro público;QA propuesta apoyada en P1 §5;Formulario público y usuario existente;Prueba dos correos uno registrado y otro inexistente;La web no revela el registro interno ni muestra documentos o datos existentes;Comparación de respuestas públicas;NO-VERIFICADO
QA-010;Ambos;Agenda;F7 L10;Sesión ficticia con plazas y centro conocidos;Reserva una plaza desde web y consulta desde recepción;Ambas vistas utilizan misma disponibilidad y misma reserva;Capturas con identificador común;NO-VERIFICADO
QA-011;Ambos;Agenda;EFP §8 · R04;"fm_test identificada y sesión con una plaza libre; dos procesos o conexiones reales independientes";Lanza dos reservas por el servicio compartido con solapamiento controlado y consulta la base;"Un éxito y un rechazo sin plazas; exactamente una reserva persistida; dos pestañas atendidas en serie no acreditan concurrencia";Registro de concurrencia y recuento en base de datos;NO-VERIFICADO
QA-012;Ambos;Agenda;EFP §8;Sesión con plazas disponibles;"Repite la misma clave de intento y contenido; después reutilízala con datos distintos";"Mismo intento devuelve la reserva existente sin otra plaza; misma clave con contenido distinto se rechaza sin cambios";Prueba de repetición y recuento;NO-VERIFICADO
QA-013;Ambos;Agenda;P1 §3;Reserva activa autorizada y sesión llena;Cancela y consulta disponibilidad;La reserva queda cancelada y libera exactamente su plaza;Estados y disponibilidad antes después;NO-VERIFICADO
QA-014;Ambos;Agenda;QA propuesta apoyada en P1 §5;Reserva ya cancelada;Repite cancelación;No aumenta disponibilidad más de una vez ni se pierde trazabilidad;Prueba y recuento final;NO-VERIFICADO
QA-015;Ambos;Agenda;EFP §9 · R06;"Reserva reservada sin documento firmado; origen y destino compatibles futuros con plaza";Cambia a sesión compatible;"Mismo ID de reserva; origen se libera y destino se ocupa una vez; bloqueo ordenado y operación atómica conservan identidad";Prueba de cambio y dos recuentos;NO-VERIFICADO
QA-016;Ambos;Agenda;P1 §3;Reserva activa y destino lleno;Solicita cambio al destino;El cambio falla con mensaje y conserva cita original y su plaza;Prueba negativa y consulta original;NO-VERIFICADO
QA-017;Ambos;Agenda;EFP §§7 y9 · R08;"Reloj controlado; reservas reservada atendida no_presentada y cancelada";"Cancela y cambia un instante antes y desde el inicio; repite para cada estado";"Solo reservada antes del inicio admite cancelar/cambiar; atendida y no_presentada mantienen ocupación histórica; rechazo no modifica agenda";Tabla de transiciones y prueba;NO-VERIFICADO
QA-018;Ambos;Agenda por centro;P1 §3;Dos centros ficticios con servicios definidos;Consulta reserva y cambia centro según permisos;Una cita conserva su centro y no contamina disponibilidad del otro;Capturas y recuentos separados;NO-VERIFICADO
QA-019;Ambos;Zona horaria;EFP §7 · R08;Fixture de cambio horario y regla de almacenamiento acordada;"Intenta crear una hora local inexistente y otra ambigua sin desplazamiento; repite la ambigua con UTC explícito";"Hora inexistente rechazada; ambigua exige desplazamiento UTC explícito; instante y presentación Europe/Madrid coinciden sin corrección fija de una hora";Valores almacenados y vista local;NO-VERIFICADO
QA-020;Ambos;Clave de reserva;EFP §§8 y9 · R07;Dos reservas con claves privadas diferentes;"Prueba código público o clave ajena sobre una reserva; realiza GET de consulta y después petición protegida de cambio";"Código sin clave y clave ajena no autorizan ni revelan identidad; GET no modifica; solo cambio protegido autorizado altera estado";Respuesta denegada y registro intacto;NO-VERIFICADO
QA-021;Ambos;Clave de reserva;EFP §8;Usuario perdió clave y personal de recepción autenticado;Ejecuta procedimiento de recuperación definido;"Recepción restablece la clave de esa reserva sin crear otra; clave anterior queda inválida; no se reconstruye la original desde su huella ni se publica identidad";Registro de operación y prueba de acceso;NO-VERIFICADO
QA-022;Ambos;Permisos;EFP §3 · R07/R16;"Cuentas de recepción profesional administración y centro ajeno; concesiones explícitas documentadas";Repite petición restringida directamente sin permiso aunque botón no aparezca;"Servidor aplica rol y centro; administrar cuentas no concede documentos ni resultados; las denegaciones no devuelven contenido ni cambian datos";Petición y respuesta con estado persistido;NO-VERIFICADO
QA-023;Ambos;Permisos de objetos;QA propuesta apoyada en P1 §5;Dos usuarios y documentos con identificadores diferentes;Cambia identificador en URL o petición con cuenta sin autorización;No accede al objeto ajeno y no devuelve su contenido;Prueba negativa reproducible;NO-VERIFICADO
QA-024;Ambos;Firma vacía;EFP §11 · R09;Documento didáctico preparado;Envía lienzo vacío o borrado y repite petición directa manipulando el indicador visual de firma;"Servidor rechaza imagen sin trazo aunque el cliente declare tener firma; documento no queda firmado";Captura y estado documental;NO-VERIFICADO
QA-025;Ambos;Firma adulto;F7 L13 y P1 §5;Usuario adulto confirmado cita y texto didáctico fijados;Lee texto rubrica con ratón confirma y recupera documento;Firma conserva usuario firmante texto versión fecha centro y vínculo correctos;Documento recuperado y consulta de metadatos;NO-VERIFICADO
QA-026;Ambos;Firma menor;F7 L13 y P1 §5;Menor y representante diferenciados con regla de demo;Representante firma documento del menor;Firmante no se sobrescribe con datos del menor y ambos vínculos se conservan;Documento y metadatos sintéticos;NO-VERIFICADO
QA-027;Ambos;Firma taller;EFP §§10 y11 · R10/R11;Dos adultos confirmados con reservas válidas del mismo taller y plantilla TALLER-DEMO;"Firma para el primero; abre siguiente; usa volver del navegador; firma para el segundo";"Pantalla y lienzo se limpian entre asistentes y al volver; cada documento conserva usuario y reserva propios sin rúbrica anterior";Secuencia de pantallas y dos documentos;NO-VERIFICADO
QA-028;Ambos;Taller y capacidad;EFP §10;"Taller futuro con última plaza; adulto confirmado y recepción del centro";"Crea reserva presencial antes del inicio y firma; repite sin plazas o con sesión ya iniciada";"Reserva válida previa a firma respeta capacidad; no se inventan plazas ni se firma sin vínculo; lleno o inicio rechazan la incorporación";Prueba válida y rechazo por lleno;NO-VERIFICADO
QA-029;Ambos;Firma corregida;EFP §12 · R14;Documento firmado recuperable;"Corrige con motivo; consulta original y nueva versión; induce fallo de nueva firma/PDF y vuelve a consultar";"Original intacto pasa a requiere revisión; nueva versión pendiente con motivo y referencia; solo firma nueva y PDF correcto habilitan firmado; tras fallo ninguna habilita resultados nuevos";Dos versiones y rastro de corrección;NO-VERIFICADO
QA-030;Ambos;Firma y texto;QA propuesta apoyada en P1 §5;Documento firmado con versión de texto conocida;Cambia plantilla para documentos futuros y reabre el antiguo;Documento antiguo conserva texto efectivamente firmado;Comparación de texto versión y archivo;NO-VERIFICADO
QA-031;Ambos;Firma y permisos;P1 §3;Documento privado firmado;Intenta abrir URL directa sin sesión y luego con cuenta autorizada;Acceso sin permiso se deniega y autorizado recupera contenido completo;Dos respuestas y archivo;NO-VERIFICADO
QA-032;Ambos;Puntero;P1 §5;Vista de firma en navegador con ratón y emulación táctil;Dibuja borra repite y confirma en ambos modos;Coordenadas y rúbrica se conservan y acciones funcionan sin afirmar prueba física;Registro de navegador y evidencia de dos modos;NO-VERIFICADO
QA-033;Ambos;Tableta física;F7 L13 y P1 §5;Coordinador o cliente dispone de tableta y caso sintético;Realiza firma con dedo o lápiz y recupera documento;Firma legible y vinculada correctamente en dispositivo identificado;Modelo navegador fecha y documento recuperado;NO-VERIFICADO
QA-034;500;Acceso a pruebas;EFP §§3 y13 · R16;"Usuario confirmado; profesional de C01, recepción, administración y profesional de C02 sin roles adicionales";"Registra y consulta por petición directa como cada cuenta; incluye resultado de otro autor profesional de C01";"Profesional del centro autorizado opera también sobre resultados de otro autor de ese centro; recepción y administración no leen; autoría no autoriza C02";Pruebas permitida y denegada;NO-VERIFICADO
QA-035;500;Firma previa;EFP §13;"U001 adulto y U002 menor representado confirmados; documentos firmados del mismo usuario y centro";"Registra con ADULTO-DEMO o MENOR-DEMO adecuado; repite con pendiente, requiere revisión, tipo contrario, otro usuario/centro y TALLER-DEMO";"Solo documento correspondiente al tipo y usuario/centro firmado sin revisión habilita guardar; los otros casos se rechazan sin resultados nuevos";Estados y respuestas;NO-VERIFICADO
QA-036;500;Bioimpedancia;EFP §13 · F6;Diccionario sintético con nueve campos formato y unidades;Registra recupera y corrige altura, peso, porcentaje de grasa, grasa visceral, porcentaje de agua, músculo, hueso, TMB e IMC;"Nueve medidas y unidades se conservan; unidad_demo si la fuente no concreta unidad; TMB e IMC se transcriben sin cálculo ni interpretación";Formulario persistido y comparación con fixture;NO-VERIFICADO
QA-037;500;Bioquímica;EFP §13 · F5;Diccionario sintético y fecha de informe definidos;Registra vitamina D, calcio, fósforo y magnesio con código postal 01234 y fecha del informe;"Cuatro medidas conservadas; código postal textual conserva cero inicial y fecha del informe se mantiene como metadato; unidad_demo donde falta unidad";Formulario y consulta de dato guardado;NO-VERIFICADO
QA-038;500;Densitometría;EFP §13 · F4;Diccionario sintético de siete medidas y EVA;Registra T score Z score BQI BUA SOS FRAX cadera FRAX osteoporosis y EVA;"Siete medidas más EVA opcional; T/Z permiten negativos, FRAX 0–100, EVA 0–10; no se calcula FRAX ni se interpreta salud; unidades según diccionario";Comparación de fixture y vista recuperada;NO-VERIFICADO
QA-039;500;Validación de medidas;EFP §13 · R15;Formato precisión vacíos y límites didácticos explícitos;Envía nulo opcional, ninguna medida, tipo ausente, fecha futura, decimal no finito, exceso de 9 cifras totales o 3 decimales, porcentaje fuera 0–100 y EVA fuera 0–10;"Tipo, fecha no futura y alguna medida obligatorios; servidor conserva nulos y admite T/Z negativos, porcentajes 0/100 y EVA 0/10; formatos o límites inválidos se rechazan sin guardado";Tabla de entradas y resultados;NO-VERIFICADO
QA-040;500;Historial de pruebas;EFP §14 · R17;Dos pruebas y corrección de una con cuenta autorizada;"Corrige dos veces con motivos distintos; consulta las tres versiones autorizadas y filtra por fecha/tipo";"Originales conservados; cada corrección tiene autor, fecha, motivo y referencia anterior; vigente y sustituido se distinguen sin alterar permisos";Historial y versiones;NO-VERIFICADO
QA-041;500;Exportación;EFP §§3 y14 · R18;"Tres tipos con versiones sustituidas y vigentes; profesional del centro con y sin exportar_resultados";"Exporta por tipo y filtro; abre UTF-8 con coma y punto decimal; repite sin permiso o con centro ajeno";"Solo versiones vigentes autorizadas; columnas/unidades/ID de versión coinciden con filtro; ausencia de permiso o centro ajeno rechaza archivo";CSV y comparación con fixture;NO-VERIFICADO
QA-042;500;Exportación sin nombre;EFP §14 · R18;Variante sin nombre y permisos definidos;Exporta variante y revisa columnas y nombres de archivo;"Nombre y apellidos ausentes realmente del CSV; código de usuario e ID de versión permanecen; variante identificable dentro del sistema y nunca presentada como anónima";Cabeceras y muestra sintética;NO-VERIFICADO
QA-043;Ambos;CSV seguro;EFP §14;"Nombres sintéticos de centro/servicio con coma, comillas, salto y signos iniciales de fórmula; en 500 T/Z numérico negativo";Exporta y abre según guía;"CSV UTF-8 con coma escapa texto y neutraliza fórmulas; en 370 archivo de ocupación sin identidad; en 500 negativo numérico conserva tipo y valor";CSV original y vista de hoja;NO-VERIFICADO
QA-044;Ambos;Accesibilidad básica;EFP §18;Formulario registro reserva y firma;"Recorre registro, reserva y firma por teclado salvo trazo; prueba 360/1280 px, zoom registrado, texto largo y error recuperable";"Etiquetas y foco visibles; orden útil y errores asociados; campos válidos conservados; registra navegador/dispositivo y no certifica compatibilidad no ensayada";Lista de comprobación y capturas;NO-VERIFICADO
QA-045;Ambos;Restauración;EFP §20;Versión etiquetada, dependencias bloqueadas reales, .env.example, base vacía y archivos sintéticos o regeneración comprobada;"Otra pareja instala en carpeta limpia con claves locales, migra, siembra y recupera reserva, firma y PDF original; en 500 incluye tres tipos e historial";"Código, relaciones, cuentas demo, archivos privados y permisos se reproducen sin claves/rutas del autor; en 500 versiones/unidades y CSV coinciden";Registro de instalación y documento recuperado;NO-VERIFICADO
QA-046;Ambos;Trazabilidad individual;P1 §6;Contribución técnica identificada de cada uno de diez alumnos;Cada alumno repite una variante explica fallo y demuestra corrección;Se distingue aportación y comprensión de cada persona incluso si usó IA;Diez evidencias individuales con prueba explicada;NO-VERIFICADO
QA-047;Ambos;Materiales;D48 L864–878 y AP;Inventario y recursos subidos por responsable;Abre cada recurso como alumno y contrasta ficha asociada;Nombre vínculo versión y permisos permiten acceder al material que exige la tarea;Registro de acceso con fecha;NO-VERIFICADO
QA-048;Ambos;Instanciación;D48 §§6–7 y11;Word final y práctica creada en plataforma;Compara recuentos IDs horas competencias perfiles y dos itinerarios;Lo importado coincide con el plan y cualquier diferencia queda identificada para editor;Informe de comparación y capturas;NO-VERIFICADO
QA-049;Ambos;Fallo de PDF;EFP §12 · R13;Documento pendiente y mecanismo de fallo controlado en base de pruebas;Fuerza fallo de generación o escritura y reintenta con la condición corregida;"Fallo mantiene pendiente y limpia temporales sin alterar originales; firmado solo cuando texto imagen y PDF recuperable están guardados";Estados y archivos antes/después;NO-VERIFICADO
QA-050;Ambos;CSV de ocupación;EFP §14;"Recepción C01; sesión capacidad 5 con 2 reservadas, 1 atendida, 1 no_presentada y 1 cancelada";"Exporta por centro/sesión/periodo; repite desde C02 y con filtro vacío";"Cabecera centro servicio sesión inicio capacidad reservadas atendidas no presentadas canceladas libres; libres=1; sin identidad contacto código de usuario documentos ni tokens; centro ajeno rechazado";Cabecera, recuentos y denegación;NO-VERIFICADO
QA-051;Ambos;Reserva con documento;EFP §9;Reserva reservada futura con documento firmado y PDF recuperable;"Intenta reprogramar; cancela con recepción autorizada; crea otra reserva e intenta heredar firma";"Reprogramación rechazada; cancelar conserva PDF y marca requiere revisión; nueva reserva independiente exige otra firma; desde inicio se rechaza también cancelar";ID de reserva, estados y PDF conservado;NO-VERIFICADO
QA-052;Ambos;Menor en taller;EFP §10;Sesión taller futura con plaza y usuario menor_representado;Intenta reserva pública y presencial de menor en taller;"Ambos canales rechazan con explicación y sin ocupar plaza; no se deduce una regla legal de esta decisión didáctica";Dos respuestas y ocupación intacta;NO-VERIFICADO
QA-053;Ambos;Precondiciones de firma;EFP §§10 y11;"Usuarios confirmado/pendiente; reservas reservada atendida cancelada no_presentada; dos centros";Intenta firmar cada estado y manipula usuario representante centro o versión en la petición;"Solo usuario confirmado y reserva reservada/atendida del centro autorizado permiten firma con representante correcto; manipulaciones rechazadas sin archivo firmado";Matriz de entradas y estados;NO-VERIFICADO
QA-054;Ambos;Formato de rúbrica;EFP §11;Endpoint de firma y PNG sintéticos de límites conocidos;"Envía PNG de hasta 1 MB y 1600x800; repite excediendo bytes/dimensiones y enviando HTML o SVG con nombre PNG";"PNG válido con trazo admitido; excesos y contenido inesperado rechazados en servidor; archivo privado generado sin ruta elegida por cliente";Tamaño, tipo y respuestas;NO-VERIFICADO
QA-055;Ambos;Cuenta desactivada;EFP §3;Cuenta de personal sintética con sesión iniciada y administración separada;"Desactiva la cuenta; repite consulta y modificación; intenta alta pública de personal";"Cuenta desactivada pierde acceso; no existe registro público de personal; no se conceden roles combinados por defecto";Peticiones denegadas y datos intactos;NO-VERIFICADO
QA-056;Ambos;Identidad mínima profesional;EFP §3;"Profesional C01; usuario con relación C01 y otro solo con C02";Consulta identidad y cambia IDs para acceder a usuario o documento de C02;"Solo código nombre y tipo de atención de usuario relacionado con centro asignado; sin contacto; identidad común no concede documentos/resultados ajenos";Campos devueltos y denegaciones;NO-VERIFICADO
QA-057;Ambos;Confirmación repetida;EFP §6 · R03;"Prerregistro sembrado con reserva e identidad coincidente; recepción autorizada";"Confirma o vincula explícitamente y repite solicitud; intenta hacerlo sin permiso";"Código estable sin duplicado; auditoría de autor/fecha/decisión; reserva conservada; no se trasladan firmas ni se fusiona historial; no autorizado rechazado";IDs y auditoría antes/después;NO-VERIFICADO
QA-058;Ambos;Clave privada y registros;EFP §§8 y9;Reserva nueva creada con servicio real y claves sintéticas;"Inspecciona generación de 32 bytes aleatorios como mínimo, almacenamiento y logs; prueba clave inválida y pérdida de respuesta";"Solo huella persistida; clave original se entrega una vez sin logs; inválida no revela identidad; perder respuesta requiere restablecimiento por recepción sin otra reserva";Revisión de generación y almacenamiento sin exponer clave;NO-VERIFICADO
QA-059;Ambos;Sesión y campos nucleares;EFP §§5 y7;"Reloj controlado; usuario menor con contacto de representante y sesiones de prueba";"Envía fecha de nacimiento futura; menor sin contacto propio con representante; sesión cerrada/iniciada o capacidad/duración no positiva";"Fecha futura y sesión inválida rechazadas; contacto del representante basta para menor; opcionales nulos aceptados y código postal conserva cero inicial";Entradas límite y respuesta servidor;NO-VERIFICADO
QA-060;Ambos;Reinicio y consistencia documental;EFP §§11 y12 · R12;Documento firmado con texto versión rúbrica y PDF sintéticos guardados;"Reinicia aplicación y recupera por ruta autorizada; compara texto completo usuario firmante actividad fecha centro y hash de archivo";"PDF e imagen siguen disponibles fuera de public; mismos metadatos y contenido; acceso denegado no devuelve archivo; hash verifica integridad sin certificar identidad jurídica";Documento recuperado y comparación;NO-VERIFICADO
QA-061;Ambos;Reintento de captura;EFP §12;Documento pendiente emitido por servidor y dos peticiones del mismo ID;"Enviar la misma captura dos veces concurrentes; repetir con contenido distinto después de firmar";"Una versión actual firmada; mismo contenido devuelve la existente y distinto pide corrección; fallo conserva pendiente sin archivos huérfanos";IDs estados huellas y recuento antes/después;NO-VERIFICADO
