tarea,sprint,funcion,h_equipo,P01,P02,P03,P04,P05,P06,P07,P08,P09,P10
1.1.1,1,Individual,50,5,5,5,5,5,5,5,5,5,5
1.1.2,1,Frontend,60,30,30,0,0,0,0,0,0,0,0
1.1.3,1,Backend,60,0,0,30,30,0,0,0,0,0,0
1.1.4,1,Datos y experiencia,60,0,0,0,0,30,30,0,0,0,0
1.1.5,1,Calidad,60,0,0,0,0,0,0,30,30,0,0
1.1.6,1,Integración y Team Leader,60,0,0,0,0,0,0,0,0,30,30
2.2.1,2,Frontend,70,35,35,0,0,0,0,0,0,0,0
2.2.2,2,Backend,70,0,0,35,35,0,0,0,0,0,0
2.2.3,2,Datos y experiencia,70,0,0,0,0,35,35,0,0,0,0
2.2.4,2,Calidad,70,0,0,0,0,0,0,35,35,0,0
2.2.5,2,Integración y Team Leader,70,0,0,0,0,0,0,0,0,35,35
2.2.6,2,Individual,50,5,5,5,5,5,5,5,5,5,5
2.3.1,3,Frontend,70,35,35,0,0,0,0,0,0,0,0
2.3.2,3,Backend,70,0,0,35,35,0,0,0,0,0,0
2.3.3,3,Datos y experiencia,70,0,0,0,0,35,35,0,0,0,0
2.3.4,3,Calidad,70,0,0,0,0,0,0,35,35,0,0
2.3.5,3,Integración y Team Leader,70,0,0,0,0,0,0,0,0,35,35
2.3.6,3,Individual,50,5,5,5,5,5,5,5,5,5,5
3.4.1,4,Frontend,70,0,0,0,0,0,0,35,35,0,0
3.4.2,4,Backend,70,35,35,0,0,0,0,0,0,0,0
3.4.3,4,Datos y experiencia,70,0,0,35,35,0,0,0,0,0,0
3.4.4,4,Calidad,70,0,0,0,0,35,35,0,0,0,0
3.4.5,4,Integración y Team Leader,70,0,0,0,0,0,0,0,0,35,35
3.4.6,4,Individual,50,5,5,5,5,5,5,5,5,5,5
3.5.1,5,Frontend,70,0,0,0,0,0,0,35,35,0,0
3.5.2,5,Backend,70,35,35,0,0,0,0,0,0,0,0
3.5.3,5,Datos y experiencia,70,0,0,35,35,0,0,0,0,0,0
3.5.4,5,Calidad,70,0,0,0,0,35,35,0,0,0,0
3.5.5,5,Integración y Team Leader,70,0,0,0,0,0,0,0,0,35,35
3.5.6,5,Individual,50,5,5,5,5,5,5,5,5,5,5
4.6.1,6,Frontend,70,0,0,0,0,35,35,0,0,0,0
4.6.2,6,Backend,70,0,0,0,0,0,0,35,35,0,0
4.6.3,6,Datos y experiencia,70,35,35,0,0,0,0,0,0,0,0
4.6.4,6,Calidad,70,0,0,35,35,0,0,0,0,0,0
4.6.5,6,Integración y Team Leader,70,0,0,0,0,0,0,0,0,35,35
4.6.6,6,Individual,50,5,5,5,5,5,5,5,5,5,5
5.7.1,7,Frontend,70,0,0,0,0,35,35,0,0,0,0
5.7.2,7,Backend,70,0,0,0,0,0,0,35,35,0,0
5.7.3,7,Datos y experiencia,70,35,35,0,0,0,0,0,0,0,0
5.7.4,7,Calidad,70,0,0,35,35,0,0,0,0,0,0
5.7.5,7,Integración y Team Leader,70,0,0,0,0,0,0,0,0,35,35
5.7.6,7,Individual,50,5,5,5,5,5,5,5,5,5,5
5.8.1,8,Frontend,54,0,0,0,0,27,27,0,0,0,0
5.8.2,8,Backend,54,0,0,0,0,0,0,27,27,0,0
5.8.3,8,Datos y experiencia,54,27,27,0,0,0,0,0,0,0,0
5.8.4,8,Calidad,54,0,0,27,27,0,0,0,0,0,0
5.8.5,8,Integración y Team Leader,54,0,0,0,0,0,0,0,0,27,27
5.8.6,8,Individual,50,5,5,5,5,5,5,5,5,5,5
6.9.1,9,Frontend,54,0,0,27,27,0,0,0,0,0,0
6.9.2,9,Backend,54,0,0,0,0,27,27,0,0,0,0
6.9.3,9,Datos y experiencia,54,0,0,0,0,0,0,27,27,0,0
6.9.4,9,Calidad,54,27,27,0,0,0,0,0,0,0,0
6.9.5,9,Integración y Team Leader,54,0,0,0,0,0,0,0,0,27,27
6.9.6,9,Individual,50,5,5,5,5,5,5,5,5,5,5
6.10.1,10,Frontend,52,0,0,26,26,0,0,0,0,0,0
6.10.2,10,Backend,52,0,0,0,0,26,26,0,0,0,0
6.10.3,10,Datos y experiencia,52,0,0,0,0,0,0,26,26,0,0
6.10.4,10,Calidad,52,26,26,0,0,0,0,0,0,0,0
6.10.5,10,Integración y Team Leader,52,0,0,0,0,0,0,0,0,26,26
6.10.6,10,Individual,50,5,5,5,5,5,5,5,5,5,5
