sprint,funcion,pareja
1,Frontend,P01-P02
1,Backend,P03-P04
1,Datos y experiencia,P05-P06
1,Calidad,P07-P08
1,Integración y Team Leader,P09-P10
2,Frontend,P01-P02
2,Backend,P03-P04
2,Datos y experiencia,P05-P06
2,Calidad,P07-P08
2,Integración y Team Leader,P09-P10
3,Frontend,P01-P02
3,Backend,P03-P04
3,Datos y experiencia,P05-P06
3,Calidad,P07-P08
3,Integración y Team Leader,P09-P10
4,Frontend,P07-P08
4,Backend,P01-P02
4,Datos y experiencia,P03-P04
4,Calidad,P05-P06
4,Integración y Team Leader,P09-P10
5,Frontend,P07-P08
5,Backend,P01-P02
5,Datos y experiencia,P03-P04
5,Calidad,P05-P06
5,Integración y Team Leader,P09-P10
6,Frontend,P05-P06
6,Backend,P07-P08
6,Datos y experiencia,P01-P02
6,Calidad,P03-P04
6,Integración y Team Leader,P09-P10
7,Frontend,P05-P06
7,Backend,P07-P08
7,Datos y experiencia,P01-P02
7,Calidad,P03-P04
7,Integración y Team Leader,P09-P10
8,Frontend,P05-P06
8,Backend,P07-P08
8,Datos y experiencia,P01-P02
8,Calidad,P03-P04
8,Integración y Team Leader,P09-P10
9,Frontend,P03-P04
9,Backend,P05-P06
9,Datos y experiencia,P07-P08
9,Calidad,P01-P02
9,Integración y Team Leader,P09-P10
10,Frontend,P03-P04
10,Backend,P05-P06
10,Datos y experiencia,P07-P08
10,Calidad,P01-P02
10,Integración y Team Leader,P09-P10
